customer_id,customer_name,email,registration_date,customer_type
1,Allison Hill,donaldgarcia@hotmail.com,2023-02-08 20:28:06,PREMIUM
2,Angie Henderson,davisjesse@hotmail.com,2023-08-05 18:21:03,PREMIUM
3,Cristian Santos,lrobinson@yahoo.com,2025-04-27 04:44:17,REGULAR
4,Abigail Shaffer,jpeterson@gmail.com,2023-02-16 06:55:15,REGULAR
5,Gabrielle Davis,howardmaurice@yahoo.com,2025-07-24 04:53:06,REGULAR
6,Monica Herrera,smiller@hotmail.com,2025-10-06 13:26:52,PREMIUM
7,Shannon Ray,williamsjeremy@yahoo.com,2024-11-28 19:43:37,REGULAR
8,Dr. Sharon James,xreid@gmail.com,2023-01-11 02:17:28,PREMIUM
9,Daniel Adams,lynchgeorge@hotmail.com,2024-10-18 12:12:24,REGULAR
10,Joel Nelson,gabriellecameron@gmail.com,2024-06-06 21:09:15,REGULAR
11,Andrew Stewart,carl95@gmail.com,2024-07-11 15:43:16,PREMIUM
12,Jennifer Rocha,ithomas@gmail.com,2023-03-09 11:56:59,PREMIUM
13,Kimberly Burgess,zhurst@yahoo.com,2024-08-11 00:47:04,REGULAR
14,Zachary Hicks,camposmichelle@gmail.com,2025-09-03 13:23:25,REGULAR
15,Rebecca Henderson,cruzcaitlin@yahoo.com,2025-06-15 21:14:53,REGULAR
16,Tricia Valencia,frazierdanny@hotmail.com,2025-10-24 05:41:00,REGULAR
17,Patricia Peterson,ryan70@hotmail.com,2023-05-04 22:51:37,PREMIUM
18,Deborah Mason,williamrodriguez@hotmail.com,2024-08-13 12:07:58,REGULAR
19,Mark Lynch,nathanielmartin@hotmail.com,2024-07-20 17:55:46,REGULAR
20,Linda Burns,hickmannatasha@yahoo.com,2025-11-07 01:56:29,REGULAR
21,David Bradley,millertodd@gmail.com,2025-10-03 16:30:37,REGULAR
22,Kim Martinez,karroyo@yahoo.com,2025-04-09 18:10:40,PREMIUM
23,Lisa Brandt,jenniferross@hotmail.com,2024-08-12 11:07:27,REGULAR
24,Jessica Holmes,wrightcaleb@gmail.com,2025-05-15 04:35:29,REGULAR
25,Crystal Robinson,zimmermanbrian@gmail.com,2023-03-28 21:31:04,REGULAR
26,Shannon Jones,joshuawashington@hotmail.com,2024-05-05 00:56:31,REGULAR
27,Timothy Duncan,esanchez@yahoo.com,2025-05-31 02:00:17,PREMIUM
28,Brent Jordan,ujenkins@gmail.com,2025-10-15 04:31:28,REGULAR
29,Victoria Garcia,zchandler@gmail.com,2025-09-25 15:15:17,REGULAR
30,Connor West,dwhite@gmail.com,2024-01-19 02:56:23,PREMIUM
31,Angela Morton,williamsyvette@gmail.com,2025-06-27 02:56:43,REGULAR
32,Tammy Allison,richardolson@yahoo.com,2024-07-16 08:12:20,REGULAR
33,Carmen Smith,ybaker@yahoo.com,2025-03-02 12:31:01,REGULAR
34,Michael Cross,smoore@gmail.com,2023-06-20 08:00:57,REGULAR
35,Lauren Daniels,brian97@hotmail.com,2025-11-23 02:10:42,REGULAR
36,Kim Brown,yorkcasey@gmail.com,2024-08-15 19:47:53,REGULAR
37,Cynthia Wilson,bethwilliams@gmail.com,2024-01-26 13:23:51,VIP
38,Kevin Mills,james53@yahoo.com,2023-01-18 20:02:36,PREMIUM
39,Michael Evans,sarah10@yahoo.com,2025-04-14 03:42:17,PREMIUM
40,Kristine Garcia,williamanderson@yahoo.com,2024-06-12 10:39:39,REGULAR
41,Sherry Wood,samueldaniels@yahoo.com,2024-12-05 20:02:45,REGULAR
42,Victoria Valdez,contrerasangela@hotmail.com,2024-02-14 03:51:19,VIP
43,Shawn Baker,newtoneric@yahoo.com,2025-02-27 15:44:40,VIP
44,Michelle Harris,william40@gmail.com,2024-04-08 14:49:41,PREMIUM
45,Sandra Williams,kellie42@hotmail.com,2023-11-05 23:56:36,REGULAR
46,Michael Hoffman,jonesnicole@gmail.com,2025-04-17 21:30:27,VIP
47,Sandra Aguilar,russellwilliams@yahoo.com,2023-01-01 21:19:18,REGULAR
48,Rebecca Valencia,jason31@yahoo.com,2023-06-23 18:43:51,VIP
49,Stacey Russell,sarayoung@gmail.com,2024-04-22 16:57:27,REGULAR
50,Rita Keith,whitesandra@yahoo.com,2025-05-31 08:35:59,VIP
51,Sharon Cochran,erik16@gmail.com,2025-01-24 23:02:15,PREMIUM
52,Courtney Velasquez,ybailey@gmail.com,2025-04-07 12:43:31,PREMIUM
53,Matthew Ross,michelle45@hotmail.com,2025-01-08 07:48:40,VIP
54,Meghan Anthony,sheila14@gmail.com,2025-03-30 17:06:16,PREMIUM
55,Victoria Johnson,yreed@yahoo.com,2023-11-26 00:24:33,VIP
56,William Wilson,jonathanfletcher@gmail.com,2023-11-09 11:27:18,PREMIUM
57,Renee Mcdaniel,michaeljones@hotmail.com,2025-11-09 10:18:17,REGULAR
58,Lisa Alvarado,cortezkevin@yahoo.com,2025-03-15 00:37:33,REGULAR
59,Erika Terry,jamesortega@yahoo.com,2023-04-10 11:03:30,REGULAR
60,Stephanie Gilbert,richard04@yahoo.com,2023-12-24 11:17:56,REGULAR
61,Richard Lawson,steven73@,2023-04-02 10:58:23,REGULAR
62,Steven Flynn,donnacampbell@hotmail.com,2024-05-28 07:16:01,REGULAR
63,Frances Cardenas,emilywalker@gmail.com,2025-11-05 05:17:57,REGULAR
64,Angel Riggs,gibsonolivia@hotmail.com,2025-06-06 02:01:46,REGULAR
65,Michael Snyder,dylanwatts@gmail.com,2025-01-04 17:42:33,PREMIUM
66,Colleen Brock,pwilliams@gmail.com,2023-05-31 13:50:33,PREMIUM
67,Robert Contreras,stephanie79@hotmail.com,2024-09-30 15:00:13,REGULAR
68,Jessica Meadows,vmerritt@yahoo.com,2025-11-12 00:50:59,PREMIUM
69,Paul Larsen,katie87@hotmail.com,2023-04-05 03:48:15,REGULAR
70,Jeremiah Reeves,josephflores@hotmail.com,2023-06-19 17:50:41,REGULAR
71,Chris Reyes,jasminebrown@yahoo.com,2024-11-27 21:31:31,REGULAR
72,John Brown,xprice@hotmail.com,2024-12-19 16:01:28,REGULAR
73,Alicia Gilmore,wwoods@yahoo.com,2024-11-19 09:06:41,PREMIUM
74,Sarah Ashley,vmedina@hotmail.com,2023-06-02 02:18:07,REGULAR
75,Stephanie Freeman,ryan06@yahoo.com,2023-01-23 22:12:45,VIP
76,Rebecca Ramsey,ncalhoun@hotmail.com,2024-01-03 04:51:58,REGULAR
77,James Elliott,millerroy@yahoo.com,2023-11-29 01:04:36,PREMIUM
78,David Murphy,wmurphy@yahoo.com,2023-09-13 18:07:00,REGULAR
79,Trevor Fisher,ruizkaitlyn@gmail.com,2024-02-16 23:29:11,VIP
80,Mrs. Marie Harrington DDS,herringjames@gmail.com,2024-03-19 02:51:43,REGULAR
81,Cynthia Wells,elliottjeffery@hotmail.com,2025-05-13 08:32:41,PREMIUM
82,Jacob Obrien,stricklandfrank@yahoo.com,2023-10-22 23:54:20,REGULAR
83,Alexander Collins,tsanders@gmail.com,2025-06-18 17:24:22,PREMIUM
84,Michael Burton,terrykevin@hotmail.com,2024-05-02 04:02:05,REGULAR
85,Barbara Riggs,reedross@yahoo.com,2025-02-20 03:37:15,VIP
86,Matthew Smith,gshort@yahoo.com,2023-03-30 08:37:27,VIP
87,Madison Poole,ryangross@hotmail.com,2023-10-16 16:03:24,REGULAR
88,Robert Medina,umarshall@hotmail.com,2024-01-01 09:02:12,REGULAR
89,Samuel Rivas,ramirezshannon@yahoo.com,2025-06-03 23:02:19,REGULAR
90,Mary Rogers,lrosales@yahoo.com,2025-08-20 04:12:59,REGULAR
91,Robert Peterson,angela83@gmail.com,2025-05-28 01:11:13,REGULAR
92,Jason Peters,hannahbrewer@yahoo.com,2023-11-14 07:20:05,PREMIUM
93,Alan Phillips,tholt@hotmail.com,2024-02-17 14:49:36,REGULAR
94,Kara Schmidt,jbarajas@yahoo.com,2024-04-11 00:42:06,REGULAR
95,Jesse Parker,davidlee@gmail.com,2023-04-23 16:36:12,REGULAR
96,Tiffany Vaughn,javierwashington@hotmail.com,2025-05-24 13:55:27,VIP
97,Paige Carlson,wallkenneth@yahoo.com,2023-11-28 02:58:07,REGULAR
98,Adrian Ferguson,brandon08@yahoo.com,2024-06-26 03:59:32,PREMIUM
99,Beth Oneill,agarcia@hotmail.com,2024-07-28 00:58:06,REGULAR
100,John Peterson,kingmichelle@gmail.com,2025-04-23 20:38:00,PREMIUM
101,Jennifer Jones,hernandezlisa@yahoo.com,2025-10-12 22:00:15,REGULAR
102,David Grant,yobrien@hotmail.com,2025-05-11 13:04:18,REGULAR
103,Joseph Hayes,levans@yahoo.com,2023-07-28 14:44:08,REGULAR
104,Marc Lynch,mezajared@gmail.com,2025-05-09 09:40:20,REGULAR
105,Brad Allen,moorericky@hotmail.com,2023-11-24 04:50:33,PREMIUM
106,Doris Hall,jacqueline71@hotmail.com,2025-09-12 06:06:17,PREMIUM
107,Dennis Moody,ronaldstephens@hotmail.com,2024-01-26 02:28:43,VIP
108,Derek Thomas,martinkyle@hotmail.com,2023-05-24 09:08:10,REGULAR
109,Tammy Gonzales,sbarker@yahoo.com,2023-03-10 11:40:25,REGULAR
110,Kathryn Snyder,georgepamela@hotmail.com,2025-09-16 17:18:29,VIP
111,David Davis,keyemily@yahoo.com,2024-11-17 08:49:18,REGULAR
112,Pamela Thompson,lmoon@hotmail.com,2023-01-16 00:30:45,REGULAR
113,Robert Costa,vbailey@yahoo.com,2023-08-20 13:08:47,REGULAR
114,Shannon Rivera,zroberts@hotmail.com,2025-06-23 21:31:50,REGULAR
115,Brandon King,cordovarichard@hotmail.com,2023-03-06 23:29:34,REGULAR
116,April Booth,mgutierrez@hotmail.com,2023-03-03 23:23:19,PREMIUM
117,Peter Garrett,harrisandrea@yahoo.com,2024-01-23 15:08:34,PREMIUM
118,Michael Martinez,jennifercollins@gmail.com,2025-05-19 17:58:13,PREMIUM
119,Anna Gay,murraydavid@gmail.com,2025-08-22 03:56:17,PREMIUM
120,Dr. Jordan Hill PhD,jsanchez@gmail.com,2024-01-03 18:12:26,PREMIUM
121,Thomas Romero,michellehill@yahoo.com,2023-10-03 00:59:26,PREMIUM
122,Richard Adams,campbellkenneth@hotmail.com,2024-05-31 00:46:18,PREMIUM
123,Mary Grimes,wryan@yahoo.com,2025-11-06 15:56:52,PREMIUM
124,Kimberly Gibson,molly39@yahoo.com,2024-02-19 11:14:16,REGULAR
125,Reginald Williams,zthornton@yahoo.com,2024-08-17 06:11:20,PREMIUM
126,Matthew Hoover,tylerjohnson@hotmail.com,2023-12-12 12:55:48,REGULAR
127,Evelyn Garcia,dgarcia@gmail.com,2024-06-27 04:12:39,REGULAR
128,Jennifer Pena,charlesharrington@yahoo.com,2023-12-20 13:22:29,REGULAR
129,Michael Santos,melissa86@yahoo.com,2024-09-10 23:53:18,REGULAR
130,Stacy Freeman,williamsonjimmy@hotmail.com,2024-03-09 14:32:02,REGULAR
131,Yolanda Francis,wgood@hotmail.com,2025-11-21 14:16:17,VIP
132,Ashlee Jackson,rebecca05@gmail.com,2023-02-12 21:01:21,REGULAR
133,James Thomas,yknight@gmail.com,2023-10-05 09:29:26,REGULAR
134,Bob Pitts,tyleraguilar@gmail.com,2023-03-01 10:19:54,REGULAR
135,David Scott,nolansteven@yahoo.com,2024-05-02 06:44:16,REGULAR
136,Brooke Alexander,vanessa46@hotmail.com,2023-06-29 15:35:14,REGULAR
137,Ryan Gonzalez,gcastaneda@gmail.com,2024-01-31 16:44:36,REGULAR
138,Ian Phillips,andrew64@gmail.com,2025-03-18 16:02:07,VIP
139,Melissa Garner,lozanojulie@yahoo.com,2025-11-07 18:50:34,REGULAR
140,Crystal Pham,danaoliver@hotmail.com,2025-10-28 20:34:32,VIP
141,Patricia Becker,courtneyberger@hotmail.com,2025-10-27 12:52:39,PREMIUM
142,Richard Johnson,jessica14@yahoo.com,2024-04-11 12:49:32,REGULAR
143,Casey Anderson,alyssa42@yahoo.com,2024-05-21 16:58:48,REGULAR
144,Terry Coffey,julie51@yahoo.com,2023-07-17 17:37:59,REGULAR
145,Brenda Levy,zcoffey@hotmail.com,2024-08-11 23:33:37,PREMIUM
146,Richard Smith,gibsonemily@hotmail.com,2025-08-14 04:03:33,REGULAR
147,James Little,daniel37@gmail.com,2023-01-01 15:08:04,REGULAR
148,Terri Murphy,deborahreid@yahoo.com,2025-06-19 23:23:59,REGULAR
149,Elizabeth Ortiz,brandonjohnson@yahoo.com,2024-11-17 06:58:35,REGULAR
150,David Medina,qchavez@hotmail.com,2025-01-05 01:39:34,PREMIUM
151,Kimberly Matthews,nicolepena@yahoo.com,2023-09-21 14:33:13,PREMIUM
152,Teresa Ramirez,jeff73@yahoo.com,2025-10-28 06:15:53,REGULAR
153,Michael Stephens,bruce43@gmail.com,2023-12-31 20:32:09,PREMIUM
154,Samantha Davis,darleneharper@gmail.com,2023-11-06 08:06:07,REGULAR
155,Gavin Zhang,caseyhubbard@gmail.com,2025-01-08 02:22:00,REGULAR
156,Robin Hall,kristinacarlson@yahoo.com,2024-12-08 11:08:43,REGULAR
157,Brianna Anderson,lauren10@gmail.com,2023-10-30 01:04:15,PREMIUM
158,Richard Young,alfred40@gmail.com,2024-09-12 20:08:19,REGULAR
159,Kelly Reese,xwest@hotmail.com,2023-01-09 14:43:32,PREMIUM
160,Jodi Walker,acostaregina@hotmail.com,2023-06-15 13:51:44,PREMIUM
161,Judith Maynard,lutzmelanie@yahoo.com,2025-03-15 14:51:52,REGULAR
162,Katherine Browning,lammarc@gmail.com,2023-07-08 12:34:35,REGULAR
163,Donald Schultz,oscar98@yahoo.com,2025-11-03 01:06:06,REGULAR
164,Larry Garcia,farrelldebra@hotmail.com,2024-05-07 21:43:30,VIP
165,Cindy Hayes,robertwilcox@yahoo.com,2025-08-09 17:20:02,PREMIUM
166,Brandon Simmons,nicholas27@gmail.com,2024-10-24 22:02:54,PREMIUM
167,Bradley Reynolds,lisa80@hotmail.com,2023-09-05 05:50:12,PREMIUM
168,Kristina Santiago,qgomez@yahoo.com,2024-02-07 15:21:40,PREMIUM
169,Michelle Schmitt,michael98@gmail.com,2024-03-06 18:54:59,PREMIUM
170,John Boone,megan51@yahoo.com,2025-08-31 14:52:31,REGULAR
171,Renee Bruce,lynchdiane@hotmail.com,2024-03-19 20:43:03,REGULAR
172,Christopher Park,sandra50@gmail.com,2025-04-19 02:20:04,REGULAR
173,Kylie Morales,joycebonilla@gmail.com,2024-08-18 00:35:26,PREMIUM
174,Cindy Barnes,eric45@hotmail.com,2023-04-10 18:37:30,REGULAR
175,Sophia Moore,craigjoseph@hotmail.com,2024-12-24 18:55:01,REGULAR
176,Lawrence Perry,kariwilson@yahoo.com,2024-10-14 16:05:08,REGULAR
177,Michael Watkins,brandon69@gmail.com,2023-01-31 08:12:14,PREMIUM
178,Eric Clark,kathrynroberts@gmail.com,2024-08-13 21:37:57,REGULAR
179,Paul Thompson,opatel@hotmail.com,2024-04-08 21:05:11,PREMIUM
180,Mary Gomez,chensley@yahoo.com,2024-10-12 22:14:44,REGULAR
181,Thomas Atkins,tberry@hotmail.com,2025-07-26 02:53:11,PREMIUM
182,Brian Smith,george97@hotmail.com,2024-02-28 23:45:57,REGULAR
183,Anita Richard,ryanmorales@gmail.com,2024-06-06 03:49:03,PREMIUM
184,Eric Morgan,kimberly18@hotmail.com,2023-09-14 09:18:48,PREMIUM
185,Jordan Bullock,michael23@gmail.com,2025-08-24 15:25:15,REGULAR
186,Craig Morrison,thompsonkendra@yahoo.com,2025-07-08 11:21:43,REGULAR
187,Justin Riley,michelle52@yahoo.com,2025-09-25 11:26:37,REGULAR
188,Jeremy Turner,brittany58@gmail.com,2023-10-10 07:20:57,REGULAR
189,Jesse Brown,chase19@hotmail.com,2023-11-25 19:16:02,REGULAR
190,Julie Spencer,colelisa@hotmail.com,2024-08-11 22:50:59,REGULAR
191,Larry Mason,hayeslisa@yahoo.com,2024-10-16 21:04:33,REGULAR
192,Mrs. Maria Williams,hritter@hotmail.com,2023-01-31 02:39:40,PREMIUM
193,Helen Hardin,vortiz@hotmail.com,2024-06-27 15:28:02,REGULAR
194,Rachel Holland,riveraangela@yahoo.com,2025-10-09 11:10:29,REGULAR
195,Nathaniel Douglas,mathewaguilar@gmail.com,2024-01-20 03:23:23,REGULAR
196,Emily Douglas,tanderson@gmail.com,2023-08-25 17:13:32,REGULAR
197,James Conner,elizabethcalderon@hotmail.com,2023-06-27 16:44:51,REGULAR
198,Susan Davis DDS,andrew42@gmail.com,2024-02-03 01:27:26,PREMIUM
199,Ralph Lee,ericphillips@gmail.com,2025-08-01 07:49:38,VIP
200,Kimberly Rodgers,stanleynancy@hotmail.com,2023-09-12 09:37:54,VIP
201,James Martin,jenniferwilliams@yahoo.com,2023-02-09 21:21:39,VIP
202,Cynthia Wallace,karen73@hotmail.com,2024-08-06 00:27:27,REGULAR
203,Vincent Mueller,michealvalentine@yahoo.com,2023-04-29 01:21:14,REGULAR
204,Douglas Reyes,mburch@hotmail.com,2024-01-13 06:04:52,REGULAR
205,David Davidson,angela18@gmail.com,2025-11-28 23:01:33,REGULAR
206,Phillip Nelson,mariahdavis@gmail.com,2025-05-29 03:29:41,PREMIUM
207,Stacey Arias,gbrown@yahoo.com,2024-10-27 11:05:23,PREMIUM
208,Zachary Brooks,florescory@hotmail.com,2025-10-02 22:09:44,REGULAR
209,Raven Taylor,samantha72@hotmail.com,2025-01-31 12:02:39,REGULAR
210,Luis Bullock,scottmary@hotmail.com,2025-09-14 08:19:48,PREMIUM
211,Lisa Henderson,john10@gmail.com,2023-08-26 15:55:24,REGULAR
212,Riley Bryant,copelandvincent@hotmail.com,2025-10-07 10:48:36,REGULAR
213,Jose Allen,kellysmith@yahoo.com,2025-04-16 00:32:24,PREMIUM
214,Jason Beck,millsmichael@hotmail.com,2025-07-09 09:03:17,REGULAR
215,Rachel Romero,myerstheodore@hotmail.com,2023-05-15 15:01:37,REGULAR
216,James Burgess,kristina53@hotmail.com,2024-12-22 21:35:14,REGULAR
217,Ashley Perkins,dennis58@yahoo.com,2024-06-06 13:46:30,REGULAR
218,Carrie Maxwell,epollard@hotmail.com,2023-10-10 11:28:52,REGULAR
219,Chad Baldwin,mjohnson@gmail.com,2024-02-06 08:04:33,REGULAR
220,Stacey Stewart,zachary87@yahoo.com,2024-03-05 04:02:20,REGULAR
221,Matthew Mitchell,glennmartin@gmail.com,2023-10-24 19:05:59,REGULAR
222,Jessica Ross,ykline@yahoo.com,2025-01-28 23:30:08,REGULAR
223,Kathleen Jimenez,laurie61@yahoo.com,2025-01-09 14:02:15,REGULAR
224,Samantha Gardner,curtis54@yahoo.com,2023-01-27 18:52:31,REGULAR
225,Mitchell Jackson,cbell@hotmail.com,2024-01-13 23:04:26,REGULAR
226,Heather Bolton,danielle01@hotmail.com,2025-01-05 04:25:47,REGULAR
227,Heidi Owen,stephaniethomas@hotmail.com,2025-05-04 23:58:10,REGULAR
228,Jessica Martinez,kimberlydiaz@yahoo.com,2024-02-25 20:29:47,REGULAR
229,Amanda Hernandez,xrush@yahoo.com,2023-10-27 04:03:46,REGULAR
230,Laura Moreno,redwards@gmail.com,2023-10-15 14:53:11,REGULAR
231,Allison Lopez,hmcintyre@yahoo.com,2024-03-05 12:39:11,PREMIUM
232,Michele Lewis,heather73@gmail.com,2025-03-25 23:52:48,REGULAR
233,Benjamin Thompson,zosborn@hotmail.com,2023-10-29 13:13:40,REGULAR
234,Victoria Contreras,piercekelly@yahoo.com,2024-04-14 13:21:09,REGULAR
235,Michelle Ho,laurahicks@gmail.com,2024-03-02 03:04:03,REGULAR
236,Dr. Cynthia Snyder,angela57@hotmail.com,2024-03-29 19:38:36,PREMIUM
237,Stephen Jones,ukey@yahoo.com,2025-02-01 13:17:03,REGULAR
238,Patricia Morrow,martinezlogangmail.com,2025-01-13 15:45:33,REGULAR
239,Michael Cooper,katrinaanderson@hotmail.com,2023-03-21 19:27:46,REGULAR
240,Amy Martinez,kevinmartin@hotmail.com,2023-06-27 05:28:36,PREMIUM
241,Travis Stone,meghan43@hotmail.com,2023-04-26 01:59:00,REGULAR
242,Denise Weber,shawgary@hotmail.com,2023-08-24 16:47:34,REGULAR
243,Matthew Le,megan90@gmail.com,2024-04-16 23:48:32,REGULAR
244,Travis Wise,debra96@hotmail.com,2025-05-16 22:28:14,PREMIUM
245,Kathleen Burton,dawn47@gmail.com,2025-08-18 16:18:26,REGULAR
246,Melinda Evans,barkereric@yahoo.com,2024-11-30 20:23:47,VIP
247,Mr. Lawrence Edwards,jessica56@gmail.com,2025-07-03 05:48:26,VIP
248,Kayla Rodriguez,stevenadams@gmail.com,2025-08-22 17:34:36,REGULAR
249,Anthony Dougherty,kwright@yahoo.com,2023-06-04 03:41:44,VIP
250,Michelle Lee,tyronerobertson@yahoo.com,2023-11-24 19:35:22,REGULAR
251,Kathleen Davis,pwagner@gmail.com,2024-01-08 14:49:19,REGULAR
252,Amber Campbell,amitchell@gmail.com,2023-01-05 03:45:29,REGULAR
253,Stephen Luna,zdiaz@gmail.com,2024-12-30 23:36:25,REGULAR
254,Chloe Tran,hughesshannon@hotmail.com,2024-03-15 04:30:17,PREMIUM
255,William Becker,andersoncolin@yahoo.com,2023-12-29 14:40:12,VIP
256,Gina Mcmillan,jameshicks@hotmail.com,2025-08-28 23:51:05,REGULAR
257,Andrew Reeves,jstone@hotmail.com,2023-11-04 07:14:05,REGULAR
258,Brenda Velazquez,francisco94@hotmail.com,2025-10-03 01:34:21,REGULAR
259,Ronald Patel,thomas05@yahoo.com,2023-08-09 22:57:11,REGULAR
260,Veronica Silva,carlsonjoseph@hotmail.com,2024-04-22 20:35:58,REGULAR
261,Paula Lane,silvageorge@hotmail.com,2024-03-24 08:10:57,REGULAR
262,Patricia James,anthonyvaughan@gmail.com,2024-04-17 09:20:28,PREMIUM
263,Jeremy Barnes,avaughn@hotmail.com,2025-02-16 10:57:18,REGULAR
264,Tami Salas,thorntonapril@hotmail.com,2025-07-18 00:25:22,REGULAR
265,Matthew Fox,sue78@yahoo.com,2024-05-15 17:01:10,REGULAR
266,Megan Dillon,chelsea33@yahoo.com,2023-12-22 14:55:14,VIP
267,Courtney Dudley,kellie37@yahoo.com,2025-06-12 12:58:37,REGULAR
268,Justin Michael,keith98@yahoo.com,2025-11-10 08:28:26,PREMIUM
269,Jennifer Reed,kellyroberts@hotmail.com,2023-09-30 03:35:01,REGULAR
270,Thomas Douglas,ilewis@yahoo.com,2024-03-08 02:25:43,REGULAR
271,Melissa Taylor,johnsantiago@hotmail.com,2025-09-13 02:29:22,PREMIUM
272,David Garcia,jennifer12@gmail.com,2024-12-31 03:15:27,REGULAR
273,Vanessa Moore,mwoods@yahoo.com,2025-11-07 00:23:17,REGULAR
274,Matthew Velez,pearsonjesse@hotmail.com,2024-10-01 11:14:28,PREMIUM
275,Taylor Gentry,robertmonroe@gmail.com,2024-09-14 01:56:31,PREMIUM
276,Jennifer Simpson DVM,nancy04@hotmail.com,2024-12-07 13:08:20,REGULAR
277,Tanya Rogers,ihays@hotmail.com,2023-06-30 01:52:13,VIP
278,Todd Rosales MD,lisarivera@hotmail.com,2025-03-10 09:32:19,PREMIUM
279,David Lopez,krystal93@,2024-12-18 15:43:35,REGULAR
280,Margaret Sullivan,frobertson@yahoo.com,2024-07-16 00:06:43,REGULAR
281,Cathy Taylor,shari04@yahoo.com,2024-11-17 16:28:52,PREMIUM
282,Paul Finley,brandi90@yahoo.com,2025-05-03 04:23:32,REGULAR
283,Melissa Brown,marshallerik@hotmail.com,2025-01-22 23:21:56,REGULAR
284,Stephanie Padilla,hannah45@hotmail.com,2025-08-03 20:22:51,PREMIUM
285,Tyler Mendoza,madkins@yahoo.com,2024-04-27 17:36:17,REGULAR
286,Joshua Ruiz,kathleenbecker@hotmail.com,2023-05-25 19:05:27,REGULAR
287,Angela Griffin,christian91@gmail.com,2023-06-26 06:08:13,REGULAR
288,Stephanie Harris,franklinbond@yahoo.com,2023-08-28 04:27:34,REGULAR
289,Daniel Aguilar,nolansean@gmail.com,2025-03-01 12:07:25,PREMIUM
290,Jose Bryant,hansenemily@yahoo.com,2025-01-19 12:53:16,VIP
291,Jennifer Velasquez,bethwilliams@yahoo.com,2025-05-06 08:39:06,REGULAR
292,Kimberly Brown,andersenthomas@yahoo.com,2025-07-20 02:24:59,REGULAR
293,Randy Cannon,ybrooks@yahoo.com,2023-04-19 10:42:30,REGULAR
294,Susan Bennett,desireebailey@gmail.com,2024-10-06 14:10:29,REGULAR
295,Jenna Anderson DVM,avilatiffany@yahoo.com,2024-02-20 00:55:07,PREMIUM
296,Kimberly Patel,johnreed@yahoo.com,2024-04-08 18:58:07,PREMIUM
297,Shaun Cannon,pachecorobert@gmail.com,2025-10-22 04:22:28,REGULAR
298,Austin Wheeler,tharper@gmail.com,2025-04-16 15:44:21,REGULAR
299,Andrew Gonzales,karenparsons@gmail.com,2025-04-24 04:32:28,REGULAR
300,Donna Cabrera,barbara53@yahoo.com,2023-10-21 01:28:12,VIP
301,Victoria Boyd,dturner@hotmail.com,2024-08-17 22:11:17,REGULAR
302,Sheryl Buck,dpeters@yahoo.com,2023-03-09 19:17:21,REGULAR
303,Megan Floyd,heather62@yahoo.com,2024-08-15 05:19:38,REGULAR
304,Paul Wells,kevinzimmerman@yahoo.com,2025-10-09 21:01:48,VIP
305,Kristina Faulkner,paulscott@yahoo.com,2023-02-27 12:11:28,REGULAR
306,Tammy Boone,nicholsmaria@gmail.com,2024-05-30 17:39:34,PREMIUM
307,Michael Morrison,lopezkathleen@hotmail.com,2024-11-14 23:48:19,REGULAR
308,Claire Clark,kevin03@gmail.com,2023-01-24 20:11:59,PREMIUM
309,Autumn Key,srocha@hotmail.com,2025-10-14 04:01:01,VIP
310,Jennifer Allen,kimberly67@hotmail.com,2024-02-16 16:45:55,REGULAR
311,Elizabeth Ward,zowens@hotmail.com,2025-10-06 11:39:59,REGULAR
312,Ryan Rocha,lawrence09@gmail.com,2025-11-13 13:52:10,PREMIUM
313,Alexis Tran,mphillips@yahoo.com,2024-05-06 21:59:00,REGULAR
314,Kelly Sanchez,jonathan77@yahoo.com,2025-01-28 00:00:02,PREMIUM
315,Robert Jackson,iwhite@hotmail.com,2023-04-17 06:54:37,REGULAR
316,Kelly Combs,landryelizabeth@gmail.com,2024-03-22 10:15:56,VIP
317,Ryan Hall,albertwagner@yahoo.com,2024-11-05 03:37:44,VIP
318,Mark Peck,bhopkins@gmail.com,2023-06-06 03:10:53,REGULAR
319,Jennifer Smith,amanda40@hotmail.com,2023-02-14 23:13:54,REGULAR
320,Megan Drake,danieldavis@gmail.com,2024-03-31 17:32:36,REGULAR
321,Manuel King,joseph61@yahoo.com,2024-01-15 08:20:24,REGULAR
322,Judy Sanchez,kevinclayton@gmail.com,2023-10-07 17:00:26,REGULAR
323,Shannon Malone,sullivannicholas@yahoo.com,2024-08-17 06:17:06,REGULAR
324,Adam Jackson,pbruce@yahoo.com,2025-06-24 21:40:25,REGULAR
325,Shannon Davis,hallrachel@hotmail.com,2024-01-30 12:57:41,REGULAR
326,Karen Williams,cohenjuan@hotmail.com,2024-12-23 17:53:54,VIP
327,Amanda Mcfarland,alexis39@gmail.com,2023-09-03 09:45:29,REGULAR
328,Michelle Sanders,evansanne@hotmail.com,2025-07-01 18:15:39,REGULAR
329,Jasmine Mosley,patrick21@hotmail.com,2024-01-24 12:20:15,REGULAR
330,Haley Davis,marypeterson@hotmail.com,2024-08-20 14:24:13,PREMIUM
331,Jennifer Ayala,walterskristen@yahoo.com,2024-08-15 10:17:29,REGULAR
332,Henry Pugh MD,nmiller@yahoo.com,2024-04-03 15:00:01,REGULAR
333,Michelle Miller,normanbowers@gmail.com,2024-09-06 20:42:27,REGULAR
334,Emily Rodriguez,hahnsean@yahoo.com,2023-03-18 04:30:07,VIP
335,Brandon Jordan,fgarcia@yahoo.com,2024-03-20 14:05:28,PREMIUM
336,Linda Mueller,asmith@yahoo.com,2024-07-01 07:28:38,REGULAR
337,Misty Hansen,ashleyjackson@yahoo.com,2024-01-25 08:02:39,PREMIUM
338,Derrick Adams,bryanhamilton@yahoo.com,2025-10-21 00:04:08,PREMIUM
339,Richard Ward,jennifersimpson@hotmail.com,2023-05-31 22:32:01,VIP
340,Brian Torres,ncook@yahoo.com,2024-04-24 21:51:09,PREMIUM
341,Erin Cook,kevinmorrison@hotmail.com,2024-07-20 19:00:45,PREMIUM
342,Ernest Oconnell,kelly79@gmail.com,2024-04-03 10:30:54,REGULAR
343,Douglas Hartman,daniel93@hotmail.com,2023-11-08 22:10:21,REGULAR
344,Catherine Saunders MD,nhahn@yahoo.com,2024-07-22 08:09:26,REGULAR
345,Sandra Jones,ichambers@hotmail.com,2023-09-13 14:39:38,REGULAR
346,David Moore,emccormick@yahoo.com,2025-01-18 12:35:20,VIP
347,Karen Morales DDS,ystephens@yahoo.com,2024-06-10 04:13:11,PREMIUM
348,Robin Wheeler,rodriguezjohn@hotmail.com,2023-04-27 23:21:49,REGULAR
349,Matthew Williams,vrasmussen@yahoo.com,2025-11-16 15:10:33,PREMIUM
350,Brett Walker,seanmyers@hotmail.com,2025-05-15 18:07:13,REGULAR
351,Kathryn Cooper,webbkenneth@gmail.com,2023-01-22 14:55:30,REGULAR
352,Todd Thomas,matthew38@yahoo.com,2024-07-26 13:52:09,PREMIUM
353,Brent Bowen,tflores@gmail.com,2025-06-27 01:58:47,REGULAR
354,Ashley Sweeney,byrdfrank@hotmail.com,2024-07-31 01:32:28,REGULAR
355,Christopher Moore,omullen@yahoo.com,2023-02-08 20:59:11,REGULAR
356,Charlotte Sandoval,njohnson@gmail.com,2024-05-24 12:57:37,VIP
357,Jeffrey Smith,jamiegoodwin@gmail.com,2023-04-09 04:54:07,REGULAR
358,Rebecca Herrera,mark71@yahoo.com,2024-04-14 10:27:58,REGULAR
359,Katherine Church,candice96@hotmail.com,2023-03-12 10:39:05,VIP
360,Harold Ellis,lisamccarthy@yahoo.com,2025-02-04 06:22:37,REGULAR
361,Leslie Powers,david41@gmail.com,2025-04-15 01:11:24,REGULAR
362,Charles Price,baileyhenderson@yahoo.com,2025-11-07 13:32:16,VIP
363,Melissa Brewer,angelaburns@gmail.com,2025-04-19 03:50:09,REGULAR
364,Ryan Harvey,stephanie72@gmail.com,2023-08-29 01:01:52,PREMIUM
365,Tracey Wagner,fortiz@yahoo.com,2025-01-30 04:10:47,REGULAR
366,Jill Jackson,flynnjeffrey@gmail.com,2024-03-10 13:28:06,REGULAR
367,Joshua Jackson,xcunningham@yahoo.com,2024-11-19 18:31:10,REGULAR
368,Ashley Wilson,amber07@hotmail.com,2024-07-17 09:54:56,REGULAR
369,Jeffery Fitzgerald,kennethkidd@yahoo.com,2025-04-25 19:09:30,VIP
370,Scott Miller,rowejoel@hotmail.com,2023-04-05 01:28:15,REGULAR
371,Heather Page,imartin@gmail.com,2023-07-09 18:26:39,VIP
372,Renee Hudson,candice25@hotmail.com,2023-05-23 09:49:58,PREMIUM
373,Kenneth Farley,taylorkaren@yahoo.com,2025-07-16 15:12:53,VIP
374,Wendy Camacho,jacquelineanderson@gmail.com,2024-06-02 02:07:21,REGULAR
375,Sandra Juarez,kburns@hotmail.com,2025-05-27 00:59:33,REGULAR
376,Jason Hayes,powellkara@hotmail.com,2025-05-10 22:21:50,REGULAR
377,Jackie Clements,brandi17@hotmail.com,2023-12-28 22:49:13,REGULAR
378,Heather Brown,brobinson@gmail.com,2025-07-14 19:48:21,REGULAR
379,Frank Campbell MD,ashleewashington@yahoo.com,2023-08-13 18:21:31,VIP
380,Pamela Williams,ksmith@yahoo.com,2023-09-29 01:43:27,REGULAR
381,William Patterson,nicoleturner@yahoo.com,2023-07-24 17:58:50,REGULAR
382,Isaac Miller,brettgarrett@hotmail.com,2024-01-05 14:43:59,REGULAR
383,Cynthia Rios,smiththomasgmail.com,2023-07-16 21:54:03,PREMIUM
384,Kelly Wallace,dominguezlisa@yahoo.com,2023-04-09 17:36:55,REGULAR
385,Karen Perez,crosscurtis@yahoo.com,2025-03-08 06:53:52,REGULAR
386,Edwin Reyes,darlenebyrd@gmail.com,2023-12-11 03:58:24,VIP
387,Alejandra Santos,nbell@hotmail.com,2025-10-20 13:41:13,REGULAR
388,Tamara Jensen,fheath@gmail.com,2023-02-18 09:22:48,REGULAR
389,Bryce Blair,sylvia52@gmail.com,2024-09-15 21:22:35,REGULAR
390,Bradley Tran,kimberly04@gmail.com,2024-11-20 01:12:08,REGULAR
391,Katrina Adkins,debbie37@yahoo.com,2025-08-02 22:58:18,REGULAR
392,Jonathan Wheeler,hatfieldsarah@gmail.com,2025-08-27 20:14:35,REGULAR
393,Ryan Fisher,kathrynbest@gmail.com,2024-05-20 03:47:31,REGULAR
394,Austin Baker,livingstonstacy@yahoo.com,2024-04-03 02:35:05,REGULAR
395,Lori Mason,zhenderson@gmail.com,2023-06-04 01:38:27,PREMIUM
396,Kimberly Hernandez,collinswilliam@gmail.com,2025-10-14 01:28:05,PREMIUM
397,Brittney Murphy,collinssamuel@gmail.com,2023-12-01 00:38:27,REGULAR
398,Brandon Hamilton,dsalazar@yahoo.com,2024-10-04 20:05:17,REGULAR
399,Mary Thompson,zimmermanjacqueline@gmail.com,2024-10-08 05:13:05,PREMIUM
400,Gregory Holmes PhD,gary24@hotmail.com,2024-04-30 11:43:23,PREMIUM
401,Patricia Johnson,enelson@yahoo.com,2023-08-26 02:47:29,PREMIUM
402,Laura Jones,ddixon@yahoo.com,2023-05-22 17:06:23,PREMIUM
403,Carol Moore,shannonemily@gmail.com,2023-05-31 00:10:58,PREMIUM
404,Jordan Williams,sanchezthomas@yahoo.com,2023-07-22 03:03:20,REGULAR
405,Cassidy Horne,tranrobin@hotmail.com,2025-05-22 09:27:32,REGULAR
406,Courtney Wright,joseph19@yahoo.com,2024-09-30 04:03:21,REGULAR
407,Michael Williams,lindajarvis@yahoo.com,2024-10-19 00:13:43,PREMIUM
408,John Campbell,mark87@gmail.com,2024-03-22 19:36:05,REGULAR
409,Eddie Mueller,stevenvargas@yahoo.com,2025-06-16 18:21:50,REGULAR
410,Dr. Morgan Payne PhD,adamortiz@gmail.com,2025-01-19 01:19:25,REGULAR
411,Makayla Steele,tapiaaaron@hotmail.com,2025-05-14 03:04:48,REGULAR
412,Oscar Parker,alyssaallen@yahoo.com,2025-06-10 19:59:58,REGULAR
413,Valerie Thomas,christopher38@yahoo.com,2025-05-21 10:19:01,VIP
414,Jacqueline Villegas,carpenterwilliam@hotmail.com,2025-08-11 03:40:11,PREMIUM
415,Angela Bradley,ibates@gmail.com,2025-08-04 00:58:33,VIP
416,Samuel Howe,vhaynes@yahoo.com,2024-02-20 11:10:26,REGULAR
417,Dillon Jones,derekcarrillo@gmail.com,2024-04-24 23:47:02,VIP
418,Christopher Owens,wmartinez@gmail.com,2023-10-09 19:17:21,PREMIUM
419,John Phelps,mooregina@hotmail.com,2024-09-14 14:19:24,REGULAR
420,Amanda Huff,eddie35@yahoo.com,2023-02-17 14:58:46,REGULAR
421,Megan Green,anthonysullivan@yahoo.com,2024-08-07 09:32:38,REGULAR
422,Krista Davis,laradonald@gmail.com,2024-07-28 20:34:45,REGULAR
423,Richard Walker,madisonwatson@hotmail.com,2025-05-31 17:25:17,REGULAR
424,Angela Willis,johnsoncaleb@hotmail.com,2023-08-30 16:26:21,REGULAR
425,Carl Stein,david70@gmail.com,2025-11-12 23:22:29,REGULAR
426,Jessica Ramsey,rjohnson@yahoo.com,2024-10-20 16:24:59,REGULAR
427,Daniel Lopez,sean20@hotmail.com,2024-02-29 08:23:53,REGULAR
428,Danielle Phillips,eandrade@gmail.com,2024-06-20 04:58:36,REGULAR
429,James Barnes,crystalpham@gmail.com,2025-11-19 23:48:03,REGULAR
430,Rachael Howard DDS,kcooper@hotmail.com,2024-04-24 02:42:30,REGULAR
431,Devin Johnson,anthonycochran@yahoo.com,2025-07-20 00:27:14,REGULAR
432,William Moreno,terrigarcia@hotmail.com,2023-11-25 03:22:24,PREMIUM
433,Joseph Moody,gallagherstacie@hotmail.com,2024-03-25 15:22:16,REGULAR
434,Rebecca Kelly,gregorywatkins@,2023-09-30 22:22:37,REGULAR
435,Suzanne Johnson,stacey92@hotmail.com,2023-12-24 11:08:57,REGULAR
436,Sara Cochran,lweaver@yahoo.com,2024-07-04 04:18:33,REGULAR
437,Anthony Guzman,foxaaron@hotmail.com,2023-03-07 17:08:33,REGULAR
438,Carlos Love,brian29@hotmail.com,2023-05-01 22:55:42,PREMIUM
439,Patricia Mathis,susan56@hotmail.com,2025-06-09 17:53:22,REGULAR
440,Eric Taylor,jessicakim@hotmail.com,2024-03-25 17:54:33,REGULAR
441,Marie Thompson,jeffrey92@yahoo.com,2024-05-19 12:14:07,REGULAR
442,Michael Anderson,rushstacy@yahoo.com,2024-12-15 17:39:20,PREMIUM
443,Patricia Bradley,carriemccall@hotmail.com,2023-05-17 21:43:12,REGULAR
444,Keith Zuniga,markmiller@yahoo.com,2024-11-07 19:11:53,REGULAR
445,Mrs. Stacey Davis,sean43@gmail.com,2024-09-06 19:15:06,PREMIUM
446,Hayley Buchanan,williamssamuel@yahoo.com,2023-12-11 04:48:18,REGULAR
447,Stacey Snyder,ybell@gmail.com,2025-03-04 00:11:46,REGULAR
448,Rachel Lane,franciscojones@gmail.com,2023-10-29 05:15:14,VIP
449,Fernando Lynn,petersonpamela@gmail.com,2025-09-29 15:51:29,PREMIUM
450,Kimberly Villanueva,morgantricia@yahoo.com,2023-08-16 11:50:10,REGULAR
451,Jessica Valdez,gmoore@yahoo.com,2023-08-26 11:23:55,PREMIUM
452,Colton Terry,donna43@gmail.com,2023-10-03 04:29:10,VIP
453,Kenneth Larsen,briansmith@gmail.com,2024-12-21 17:25:26,PREMIUM
454,Matthew Greene,collinclark@hotmail.com,2024-11-28 08:24:03,PREMIUM
455,Bradley Anthony,kristen77@hotmail.com,2025-09-25 20:28:22,REGULAR
456,Martin Hughes,nicole52@yahoo.com,2025-09-01 08:21:35,REGULAR
457,Jeremiah Baker,anne21@gmail.com,2024-12-29 10:38:42,REGULAR
458,Rhonda Gutierrez,angelarandall@hotmail.com,2024-03-02 16:34:35,REGULAR
459,Joseph Camacho,parmstrong@yahoo.com,2023-04-26 06:01:41,REGULAR
460,James Nash,shawrachel@hotmail.com,2023-03-30 09:00:53,REGULAR
461,Lisa Martinez,kthompson@gmail.com,2025-09-28 10:54:28,PREMIUM
462,Beth Henderson,oharris@gmail.com,2025-08-13 09:10:28,REGULAR
463,Deanna Bartlett,millerangela@hotmail.com,2025-06-20 12:14:54,REGULAR
464,Donald Ellis,buchanancindy@hotmail.com,2023-03-05 17:26:15,REGULAR
465,Ashley Hernandez,buckleyanna@gmail.com,2025-10-09 14:15:42,REGULAR
466,Sharon Beard,pbaker@yahoo.com,2025-02-17 20:19:40,REGULAR
467,Kara Jackson,mthomas@hotmail.com,2023-06-10 18:49:46,PREMIUM
468,Amanda Preston,hannah07@yahoo.com,2023-05-12 00:01:04,REGULAR
469,Alicia Roth,larry71@gmail.com,2024-01-20 20:33:19,PREMIUM
470,William Ramos,joseph69@hotmail.com,2025-03-25 02:41:30,REGULAR
471,Jeremy Mcintyre,wfigueroa@hotmail.com,2024-08-02 04:55:45,VIP
472,Samantha Robertson,cameronmckinney@yahoo.com,2024-06-09 15:14:29,PREMIUM
473,Samuel Suarez,thompsonnancy@gmail.com,2025-09-07 01:09:22,REGULAR
474,Danielle Bryant,janet45@yahoo.com,2023-05-27 19:26:13,REGULAR
475,Madison Martinez,allentracy@yahoo.com,2024-01-27 11:05:01,PREMIUM
476,Seth Matthews,max41@yahoo.com,2025-07-25 06:18:53,PREMIUM
477,Anthony Nash,mercedesholland@hotmail.com,2025-06-24 06:06:13,PREMIUM
478,Matthew Palmer,wellsdavid@gmail.com,2024-04-26 22:16:38,VIP
479,Alejandra King,jennifer46@yahoo.com,2024-08-31 21:15:10,REGULAR
480,Judy Robinson,erica96@hotmail.com,2023-05-12 14:33:13,REGULAR
481,Jorge Bates,anna99@yahoo.com,2024-05-25 06:29:36,PREMIUM
482,Brian Brown,danielle44@hotmail.com,2025-11-30 18:06:08,VIP
483,Stephanie Evans,zacharyallen@gmail.com,2025-11-07 12:24:46,REGULAR
484,Rebekah Greene,erin07@yahoo.com,2024-07-17 06:37:15,REGULAR
485,Jason Price,aguilarwanda@gmail.com,2024-06-14 20:42:18,VIP
486,Micheal Parks,qknox@yahoo.com,2023-12-18 22:08:12,VIP
487,Sarah Pittman,kellyruiz@hotmail.com,2024-04-04 11:55:43,PREMIUM
488,Robert Hines,staceylam@hotmail.com,2025-04-18 12:06:44,PREMIUM
489,Henry Garner,robert55@yahoo.com,2023-02-28 15:19:42,PREMIUM
490,Julie Wilson,delacruzbrandy@hotmail.com,2025-08-18 01:52:59,REGULAR
491,Steve Mason,amoreno@gmail.com,2023-09-10 01:00:52,REGULAR
492,Brittany Gay,robert97@gmail.com,2025-08-28 12:00:47,PREMIUM
493,Mike Maxwell,lcook@yahoo.com,2024-11-10 21:38:50,REGULAR
494,Abigail Hill,barbaramoore@gmail.com,2024-01-04 23:46:03,VIP
495,Jeffrey Jordan,ysanford@gmail.com,2024-11-28 09:14:51,REGULAR
496,Curtis Watson,mcclainkatherine@hotmail.com,2024-12-29 14:10:08,VIP
497,Michael Sims,jeremywiley@yahoo.com,2025-11-19 17:06:40,VIP
498,James Chapman,cameronwilliams@yahoo.com,2024-12-18 04:40:37,PREMIUM
499,Joseph Warren,ibarron@yahoo.com,2025-02-20 05:43:13,REGULAR
500,Katherine Christensen MD,osmith@hotmail.com,2023-11-07 05:16:15,PREMIUM
501,Mrs. Alison Wagner,richardsondebra@gmail.com,2024-01-24 08:47:43,REGULAR
502,Martin Wise,wheelerbrandon@gmail.com,2024-07-30 15:47:25,REGULAR
503,Alicia Norris,hwallace@hotmail.com,2025-03-12 10:29:45,PREMIUM
504,Michael Harris,turnerdorothy@hotmail.com,2023-09-07 00:52:37,REGULAR
505,Lisa Haynes,grivas@hotmail.com,2023-08-17 21:33:21,PREMIUM
506,Autumn Wilson,jimenezchelsea@yahoo.com,2023-12-11 22:10:36,PREMIUM
507,Valerie Howard,cphillips@hotmail.com,2023-02-11 10:20:12,REGULAR
508,Daniel Fitzpatrick MD,smithchristopher@gmail.com,2024-08-03 22:17:41,REGULAR
509,Maureen Hernandez,chancharles@hotmail.com,2024-08-05 09:45:27,REGULAR
510,David Hall,joseph01@gmail.com,2023-06-03 22:05:11,PREMIUM
511,Sarah Ward,ronald11@gmail.com,2023-08-15 21:06:46,REGULAR
512,Charles Holland,michael79@yahoo.com,2025-01-03 22:23:47,PREMIUM
513,Anna Briggs,danielross@yahoo.com,2024-12-29 17:41:35,REGULAR
514,James Jefferson,zbanksgmail.com,2024-02-02 13:32:08,REGULAR
515,Michael Brown,dalepruitt@yahoo.com,2025-08-03 20:41:43,REGULAR
516,Meghan White,nmaxwell@gmail.com,2024-03-23 13:12:19,REGULAR
517,Sheryl Acosta,timothyfreeman@yahoo.com,2024-01-06 09:40:08,REGULAR
518,Arthur Pena,busherica@hotmail.com,2024-12-11 02:25:51,REGULAR
519,Krystal Levine,april91@yahoo.com,2025-02-15 10:59:02,REGULAR
520,Danielle Reed,jhernandez@,2024-01-11 20:06:26,PREMIUM
521,Mason Moore,kchristian@gmail.com,2023-01-03 10:19:21,REGULAR
522,Erica Rivera,brent38@hotmail.com,2024-10-09 02:45:56,REGULAR
523,Robert Miller,csolis@gmail.com,2025-03-24 04:55:07,VIP
524,Jillian Wilson,bmcgee@gmail.com,2025-03-28 04:55:03,REGULAR
525,Andrew Dunn,connersylvia@hotmail.com,2025-02-27 13:32:30,REGULAR
526,Jordan Clark,xclements@gmail.com,2024-12-31 07:54:22,REGULAR
527,Sarah Rivera,xmoran@hotmail.com,2024-08-02 21:43:18,REGULAR
528,Brent Hopkins,petersonmaria@,2024-06-19 15:10:07,REGULAR
529,Jacqueline Rodriguez,travisunderwood@hotmail.com,2023-06-11 00:52:08,PREMIUM
530,Ashley Carr,davidphelps@gmail.com,2024-05-31 13:11:32,REGULAR
531,Richard Love,shermanbrandon@hotmail.com,2024-06-09 21:57:23,PREMIUM
532,Leah Barton,lellis@hotmail.com,2025-11-29 14:48:58,REGULAR
533,Jonathan Moreno,tranryan@hotmail.com,2025-09-08 08:49:10,REGULAR
534,Mr. Thomas Thompson,jessicaanderson@yahoo.com,2024-12-11 23:31:53,REGULAR
535,Lisa Morris,mbarnes@hotmail.com,2023-11-06 20:46:27,PREMIUM
536,Denise Stuart,shawn22@yahoo.com,2024-04-26 16:28:00,REGULAR
537,Stacey Hunt,jennifer83@gmail.com,2025-04-23 13:39:06,REGULAR
538,Miguel Parks,tinasantos@gmail.com,2025-10-01 22:11:55,REGULAR
539,Melissa Morris,hodgesanna@hotmail.com,2023-03-16 06:15:48,PREMIUM
540,Mary Butler,natalie60@hotmail.com,2023-07-13 08:45:52,PREMIUM
541,James Brown,gonzalezkaren@gmail.com,2024-09-13 09:53:33,PREMIUM
542,Miss Brianna Brown,james80@yahoo.com,2024-08-23 15:09:42,REGULAR
543,Ashley Parrish,juliahoffman@gmail.com,2025-02-11 21:00:59,REGULAR
544,Rebecca Horton,housepaul@hotmail.com,2024-02-19 08:04:05,PREMIUM
545,Juan Smith,james73@hotmail.com,2023-05-03 14:36:43,REGULAR
546,Maria Fischer,kimberlybrandt@yahoo.com,2023-10-08 07:54:19,REGULAR
547,William Jones,jillwilson@gmail.com,2023-05-05 09:11:07,REGULAR
548,Justin Anderson,adam72@gmail.com,2024-11-23 16:56:40,REGULAR
549,Frank Williams,tracy98@yahoo.com,2024-11-20 14:06:14,REGULAR
550,Michael Fox,abigailhartman@gmail.com,2024-07-01 16:21:49,REGULAR
551,Joshua Davis,nicolealvarado@yahoo.com,2025-09-20 09:08:37,VIP
552,Daniel Goodwin,wbarajas@hotmail.com,2023-04-27 13:44:14,PREMIUM
553,Michael Griffin,susanfleming@yahoo.com,2025-03-08 01:13:59,PREMIUM
554,Robert Wilson,amber40@hotmail.com,2023-02-18 09:00:23,REGULAR
555,Jaime Lang,stucker@hotmail.com,2024-11-11 16:16:01,REGULAR
556,Jose Vaughan,teresaayala@hotmail.com,2025-09-29 05:24:55,REGULAR
557,Austin Santiago,michellecoleman@gmail.com,2025-05-31 04:24:47,REGULAR
558,Ronald Johns,elucas@hotmail.com,2024-11-29 22:19:44,VIP
559,Allison Love,millerbrian@yahoo.com,2023-04-30 10:29:47,REGULAR
560,Laura Perez,rickey76@yahoo.com,2024-09-10 07:47:05,REGULAR
561,James Wilson,maychristine@hotmail.com,2023-06-26 05:40:15,REGULAR
562,Mercedes Jones,robertsgina@hotmail.com,2025-03-15 06:56:34,REGULAR
563,Preston Kim,bshort@yahoo.com,2024-02-11 15:44:30,PREMIUM
564,Daniel Francis,susan24@hotmail.com,2023-11-30 07:45:54,VIP
565,Traci Camacho,susan08@hotmail.com,2025-02-02 01:16:14,REGULAR
566,Andrew Armstrong,fmedina@yahoo.com,2023-04-26 00:51:36,REGULAR
567,Patrick Swanson,robertbrewer@hotmail.com,2024-11-22 10:56:52,VIP
568,Clinton Jensen,james29@gmail.com,2024-05-11 11:05:44,PREMIUM
569,Tara Gamble,enewman@yahoo.com,2025-05-04 09:22:47,REGULAR
570,Danielle Gonzalez,wlynn@gmail.com,2023-09-02 16:13:16,PREMIUM
571,Cynthia Mitchell,mcculloughlouis@yahoo.com,2025-09-17 15:10:48,REGULAR
572,Matthew Steele,arianadiaz@yahoo.com,2023-12-15 08:20:00,REGULAR
573,Caroline Edwards,jenniferdavidson@yahoo.com,2023-08-04 17:42:18,REGULAR
574,Brandy Quinn,wford@yahoo.com,2024-07-14 15:11:51,REGULAR
575,Mr. Matthew Miller,michele28@gmail.com,2025-05-06 22:53:18,REGULAR
576,Stephen Jones,mcclainmelissa@hotmail.com,2023-04-13 03:16:01,REGULAR
577,Kevin Sullivan,rebeccaarnold@hotmail.com,2025-01-13 13:55:43,REGULAR
578,Kimberly Valdez,michaelwalker@hotmail.com,2025-06-12 01:50:40,REGULAR
579,Donna Marshall,sanderswayne@hotmail.com,2025-09-24 20:07:06,REGULAR
580,Victor Holden,katherinetaylor@gmail.com,2025-03-14 16:34:45,REGULAR
581,Travis Hopkins,jillwebb@yahoo.com,2025-05-06 10:04:55,REGULAR
582,Philip Hall,mike03@hotmail.com,2023-07-20 10:41:50,REGULAR
583,Heather Harrison,ckeith@hotmail.com,2023-03-28 01:56:26,PREMIUM
584,Michael Boyd,mary49@hotmail.com,2024-04-17 10:35:05,REGULAR
585,Jamie Gray,blacknicholas@gmail.com,2023-12-17 06:08:29,REGULAR
586,Heather Parrish,msparks@gmail.com,2024-03-17 06:05:18,PREMIUM
587,Brenda Martin,robertsonjuan@gmail.com,2025-09-13 12:38:39,VIP
588,Jack Love,guerrerorobert@yahoo.com,2025-08-28 22:31:21,REGULAR
589,Karen Mendoza,brittanyholland@yahoo.com,2025-02-19 17:17:05,REGULAR
590,Andrew Berry,dennishunt@hotmail.com,2025-06-21 00:04:14,REGULAR
591,Christopher Nielsen,kgreene@hotmail.com,2025-07-29 01:12:49,REGULAR
592,Nathan Stanley,stacey37@hotmail.com,2023-03-05 23:50:05,PREMIUM
593,Sharon Jackson DVM,laurahoover@gmail.com,2023-03-12 14:56:19,VIP
594,Kayla Jackson,sandra99@gmail.com,2024-02-16 03:05:14,PREMIUM
595,James Rodriguez,alexandrablankenship@hotmail.com,2024-10-09 03:28:51,REGULAR
596,Chase Davis,mvalenzuela@gmail.com,2025-09-01 06:22:08,REGULAR
597,Kim Goodwin,olsondavid@hotmail.com,2024-04-14 06:53:05,REGULAR
598,April Pace,xboyd@gmail.com,2025-11-30 02:18:34,REGULAR
599,Jessica Mays,yclarke@yahoo.com,2023-04-04 01:43:11,REGULAR
600,Natalie Juarez,colemanjonathan@gmail.com,2024-12-22 11:39:31,REGULAR
